model,mae,rmse,r2
Random Forest Regressor,21.857093081614842,40.46788932381187,0.13933495036330734
Ridge Regression,22.976006392312907,41.19268596237688,0.10822912955845376
